date,time,symbol,direction,status,error
2026-09-26,07:16,RARE,LONG,SUCCESS,
2026-09-26,07:37,ARK,LONG,SUCCESS,
2026-09-26,08:09,PHA,LONG,SUCCESS,
2026-09-26,08:39,MUBARAK,LONG,SUCCESS,
2026-09-26,09:07,ENA,LONG,SUCCESS,
2026-09-26,09:37,AERO,LONG,SUCCESS,
2026-09-26,10:07,QI,SHORT,SUCCESS,
2026-09-26,10:37,SUI,LONG,SUCCESS,
2026-09-26,11:07,2Z,LONG,SUCCESS,
2026-09-26,11:37,NIL,SHORT,SUCCESS,
2026-09-26,12:10,SAGA,SHORT,SUCCESS,
2026-09-26,12:41,RUNE,LONG,SUCCESS,
2026-09-26,13:07,DASH,LONG,SUCCESS,
2026-09-26,13:37,WLD,LONG,SUCCESS,
2026-09-26,14:07,FIL,LONG,SUCCESS,
2026-09-26,14:38,ACE,LONG,SUCCESS,
2026-09-26,15:07,SEI,LONG,SUCCESS,
2026-09-26,15:39,QNT,LONG,SUCCESS,
2026-09-26,16:08,TAO,LONG,SUCCESS,
2026-09-26,16:39,MARSCOIN,LONG,SUCCESS,
2026-09-26,17:06,DOT,LONG,SUCCESS,
2026-09-26,17:38,PUMP,LONG,SUCCESS,
2026-09-26,18:09,AMP,LONG,SUCCESS,
2026-09-26,18:41,GRAM,LONG,SUCCESS,
2026-09-26,19:07,INJ,SHORT,SUCCESS,
2026-09-26,19:35,NEAR,SHORT,SUCCESS,
2026-09-26,20:07,POL,LONG,SUCCESS,
2026-09-26,20:37,PENGU,SHORT,SUCCESS,
2026-09-26,21:07,ZEC,LONG,SUCCESS,
2026-09-26,21:37,BABY,LONG,SUCCESS,
2026-09-26,22:07,UNI,LONG,SUCCESS,
2026-09-26,22:37,ONDO,SHORT,SUCCESS,
2026-09-26,23:07,XPL,SHORT,SUCCESS,
2026-09-26,23:36,PEPE,SHORT,FAILED,Daily post limit exceeded for OpenAPI
2026-09-27,00:11,AMP,LONG,SUCCESS,
2026-09-27,00:44,QNT,LONG,SUCCESS,
2026-09-27,01:07,RARE,LONG,SUCCESS,
2026-09-27,01:38,2Z,LONG,SUCCESS,
2026-09-27,02:07,RUNE,LONG,SUCCESS,
2026-09-27,02:39,DASH,LONG,SUCCESS,
2026-09-27,03:08,PHA,SHORT,SUCCESS,
2026-09-27,03:40,SAGA,SHORT,FAILED,Detected sensitive words
2026-09-27,04:07,SAGA,SHORT,SUCCESS,
2026-09-27,04:40,MARSCOIN,LONG,SUCCESS,
2026-09-27,05:07,GRAM,LONG,SUCCESS,
2026-09-27,05:38,WLD,LONG,SUCCESS,
2026-09-27,06:10,NEAR,LONG,SUCCESS,
2026-09-27,06:42,ZEC,LONG,SUCCESS,
2026-09-27,07:08,TAO,LONG,SUCCESS,
2026-09-27,07:38,SUI,LONG,SUCCESS,
2026-09-27,08:08,ACE,SHORT,SUCCESS,
